"Category","Goal","Element","Question 1","Question 2","Question 3"
"Cognitive Structure","Operative Intelligence","Problem-solving approaches, Adaptation strategies to new situations, Transformative experiences and their impact","How do you typically approach complex problems?","Can you describe a recent situation where you had to adapt to something new?","What experience has had the most transformative impact on your thinking?"
"Cognitive Structure","Figurative Intelligence","Perceptual patterns and preferences, Language use and communication style, Mental imagery and creative expression","What patterns do you often notice in your environment?","How would you describe your communication style?","When you imagine your future, what images come to mind?"
"Developmental Journey","Assimilation and Accommodation","Key life experiences and their integration, Moments of cognitive dissonance and resolution, Evolution of personal beliefs and values","What life experience has most shaped who you are today?","Can you recall a time when your beliefs were significantly challenged?","How have your core values changed over time?"
"Developmental Journey","Stage Progression","Milestones in cognitive and emotional development, Current stage of intellectual maturity, Areas of ongoing growth and challenge","What do you consider your most significant personal growth milestone?","Where do you see yourself in terms of intellectual and emotional maturity?","What area of your life presents the biggest challenge for growth right now?"
"Driving Forces","Will to Power","Personal ambitions and goals, Methods of exerting influence, Self-actualization efforts","What are your most ambitious personal goals?","How do you typically influence others or situations around you?","What actions are you taking towards self-actualization?"
"Driving Forces","Apollonian Aspects","Rational decision-making processes, Self-discipline practices, Organizational tendencies","How do you approach making important decisions?","What self-discipline practices do you maintain?","How do you typically organize your life and work?"
"Driving Forces","Dionysian Aspects","Emotional landscape and expression, Spontaneity and risk-taking behaviors, Creative and artistic pursuits","How comfortable are you expressing your emotions?","When was the last time you did something spontaneous?","What creative or artistic pursuits do you engage in?"
"Personal Metamorphoses","Camel Stage","Societal expectations internalized, Responsibilities shouldered, Cultural values adopted","Which societal expectations do you feel most strongly?","What responsibilities weigh heaviest on you?","Which cultural values do you hold most dear?"
"Personal Metamorphoses","Lion Stage","Questioning of inherited values, Acts of rebellion or non-conformity, Personal freedoms claimed","Which inherited values have you questioned or rejected?","Can you describe a time when you rebelled against norms?","What personal freedoms are most important to you?"
"Personal Metamorphoses","Child Stage","Original ideas and creations, Playful approach to life, New value systems developed","What original idea or creation are you most proud of?","How do you incorporate play or fun into your life?","What new values have you developed that differ from your upbringing?"
"Equilibrium and Disequilibrium","Achieve Psychological Harmony","Current life balance or imbalances, Ongoing internal conflicts, Strategies for maintaining or restoring equilibrium","Where do you feel most out of balance in your life right now?","What internal conflicts are you currently grappling with?","What strategies do you use to restore balance when you feel overwhelmed?"
"Archetypal Narratives","Develop Meaningful Life Narrative","Personal myths and life stories, Hero's journey progression, Confrontation with chaos and the unknown","What story do you tell yourself about your life's purpose?","Where do you see yourself in the hero's journey?","How have you faced the unknown or chaotic elements in your life?"
"Belief Systems and Worldviews","Construct Coherent Worldview","Core beliefs about the nature of reality, Ethical framework and moral foundations, Relationship to transcendent values","What are your core beliefs about the nature of reality?","What ethical principles guide your actions?","How do you relate to concepts of the transcendent or spiritual?"
"Hierarchies of Value","Establish Clear Value Hierarchy","Personal value structure, Goal-setting and prioritization, Conflict between competing values","What are your top three personal values?","How do you prioritize between competing goals or values?","Can you describe a situation where you had to choose between two important values?"
"Order and Chaos Dynamics","Navigate Complexity and Change","Comfort zones and areas of competence, Exploration of the unknown, Balancing stability and growth","Where do you feel most competent in your life?","How often do you purposefully step out of your comfort zone?","How do you balance the need for stability with the desire for growth?"
"Meaning-Making Processes","Find and Create Personal Meaning","Sources of personal meaning, Coping strategies for existential challenges, Integration of suffering into life narrative","What gives your life the most meaning?","How do you cope with existential doubts or fears?","How have you integrated past suffering into your life story?"
"Social Dynamics and Hierarchies","Improve Social Competence","Position within various social structures, Competence and status development, Navigation of dominance hierarchies","How would you describe your social status in different areas of your life?","In what areas do you feel most socially competent?","How do you navigate power dynamics in your professional or personal relationships?"
"Shadow Integration","Achieve Psychological Wholeness","Awareness of personal shortcomings, Confrontation with repressed aspects of self, Strategies for personal integration and wholeness","What aspects of yourself do you find hardest to accept?","How do you confront the parts of yourself that you'd rather not acknowledge?","What strategies do you use to integrate different aspects of your personality?"
"Potential for Transformation","Actualize Personal Potential","Capacity for voluntary transformation, Identification of limiting beliefs and behaviors, Pathways for personal evolution and transcendence","How capable do you feel of changing fundamental aspects of yourself?","What beliefs or behaviors do you think are holding you back?","What steps are you taking towards personal growth and self-actualization?"
